Subject ID,Age,Sex,Twin Sibling,HLA-A,HLA-A,HLA-B,HLA-B,HLA-C,HLA-C,HLA-DRB1,HLA-DRB1,HLA-DRB3/4/5,HLA-DRB3/4/5,HLA-DQB1,HLA-DQB1,Cell type(s) sequenced
A1,61,F,A2,A*30:02,A*31:01,B*35:02,B*38:01,C*04:01,C*12:03,DRB1*04:02,DRB1*04:03,DRB4*01:03,DRB4*01:03,DQB1*03:02,DQB1*03:05,Naïve & Memory CD4
A2,61,F,A1,A*30:02,A*31:01,B*35:02,B*38:01,C*04:01,C*12:03,DRB1*04:02,DRB1*04:03,DRB4*01:03,DRB4*01:03,DQB1*03:02,DQB1*03:05,Naïve & Memory CD4
B1,63,M,B2,A*32:01,A*32:01,B*14:01,B*15:01,C*03:03,C*08:02,DRB1*01:03,DRB1*07:01,DRB4*01:01,Blank,DQB1*02:02,DQB1*05:01,Naïve & Memory CD4
B2,63,M,B1,A*32:01,A*32:01,B*14:01,B*15:01,C*03:03,C*08:02,DRB1*01:03,DRB1*07:01,DRB4*01:01,Blank,DQB1*02:02,DQB1*05:01,Naïve & Memory CD4
C1,50,F,C2,A*11:01,A*29:02,B*15:01,B*18:01,C*03:04,C*07:01,DRB1*01:01,DRB1*11:43,DRB3*02:02,Blank,DQB1*03:01,DQB1*05:01,Naïve & Memory CD4
C2,50,F,C1,A*11:01,A*29:02,B*15:01,B*18:01,C*03:04,C*07:01,DRB1*01:01,DRB1*11:43,DRB3*02:02,Blank,DQB1*03:01,DQB1*05:01,Naïve & Memory CD4
D1,52,M,D2,A*24:02,A*32:01,B*07:02,B*40:02,C*02:02,C*07:02,DRB1*12:01,DRB1*15:01,DRB3*02:02,DRB5*01:01,DQB1*03:01,DQB1*06:02,Total T
D2,52,M,D1,A*24:02,A*32:01,B*07:02,B*40:02,C*02:02,C*07:02,DRB1*12:01,DRB1*15:01,DRB3*02:02,DRB5*01:01,DQB1*03:01,DQB1*06:02,Total T
E1,57,F,E2,A*02:01,A*32:01,B*40:02,B*44:02,C*02:02,C*05:01,DRB1*04:01,DRB1*15:01,DRB4*01:03,DRB5*01:01,DQB1*03:01,DQB1*06:02,Total T
E2,57,F,E1,A*02:01,A*32:01,B*40:02,B*44:02,C*02:02,C*05:01,DRB1*04:01,DRB1*15:01,DRB4*01:03,DRB5*01:01,DQB1*03:01,DQB1*06:02,Total T
F1,58,F,F2,A*02:05,A*02:17,B*41:01,B*51:01,C*15:02,C*17:01,DRB1*09:01,DRB1*13:02,DRB3*03:01,DRB4*01:03,DQB1*03:03,DQB1*06:04,Total T
F2,58,F,F1,A*02:05,A*02:17,B*41:01,B*51:01,C*15:02,C*17:01,DRB1*09:01,DRB1*13:02,DRB3*03:01,DRB4*01:03,DQB1*03:03,DQB1*06:04,Total T
X,43,F,-,A*02:01,A*03:01,B*35:03,B*51:01,C*12:03,C*15:02,DRB1*11:01,DRB1*16:01,DRB3*02:02,DRB5*02:02,DQB1*03:01,DQB1*05:02,Total T
Y,45,F,-,A*03:01,A*68:01,B*45:01,B*51:01,C*01:02,C*06:02,DRB1*13:01,DRB1*13:02,DRB3*01:01,DRB3*03:01,DQB1*03:03,DQB1*06:09,Total T
Z,36,F,-,A*26:01,A*69:01,B*27:05,B*35:08,C*02:02,C*12:03,DRB1*04:04,DRB1*11:01,DRB3*02:02,DRB4*01:03,DQB1*03:01,DQB1*03:02,Total T
